7.47343368836083E-01,1.77924631377871E-01,1.692E-13,0
6.93421993758326E-01,5.47829750582469E-01,2.559E-14,1
6.02106909224732E-01,9.56553966446143E-01,8.002E-14,2
5.03009924371181E-01,1.41029640486699E+00,2.623E-12,3
4.15029159626132E-01,1.89368978173270E+00,1.315E-14,4
3.38598806186086E-01,2.39121610827169E+00,4.648E-13,5
2.66504680490378E-01,2.89582125232407E+00,7.789E-14,6
1.85644667340403E-01,3.40768234441227E+00,7.457E-13,7
4.61517877393318E-16,3.99999999999960E+00,9.154E-11,8
1.26527010251223E-01,4.60528953031706E+00,4.319E-15,9
1.53106925771977E-01,5.12165323476301E+00,2.520E-13,10
1.65196289283261E-01,5.63088474521598E+00,6.794E-12,11
1.71455844126641E-01,6.13738948786237E+00,3.972E-12,12
1.74788524747203E-01,6.64246047686512E+00,2.407E-11,13
1.76477881521176E-01,7.14664139661584E+00,1.407E-16,14
1.77180774240328E-01,7.65021041629080E+00,3.546E-15,15
1.77265804918750E-01,8.15332917735088E+00,6.400E-12,16
1.77265804918760E-01,8.15332917735089E+00,3.019E-14,17
1.76953413150203E-01,8.65610041910535E+00,3.271E-13,18
1.75640248261283E-01,9.66085949814263E+00,7.017E-16,19
1.76381696247946E-01,9.15859391379926E+00,6.755E-14,20
1.75640248261296E-01,9.66085949814262E+00,2.051E-15,21
1.74788776519999E-01,1.01629341990173E+01,2.031E-11,22
1.73867900572428E-01,1.06648464011229E+01,1.912E-12,23
1.72905688996354E-01,1.11666184221354E+01,9.935E-14,24
1.71921757328187E-01,1.16682681781352E+01,6.927E-15,25
1.70929913435045E-01,1.21698103028379E+01,4.720E-11,26
1.69939908138862E-01,1.26712569247166E+01,6.834E-12,27
1.68958618624067E-01,1.31726182219057E+01,1.045E-12,28
1.67990863230441E-01,1.36739028281292E+01,1.714E-13,29
1.67039971459470E-01,1.41751181359628E+01,2.933E-14,30
1.66108188308603E-01,1.46762705276043E+01,6.040E-15,31
1.65196964579593E-01,1.51773655533494E+01,2.398E-15,32
1.64307167527375E-01,1.56784080716191E+01,5.313E-11,33
1.63439235113330E-01,1.61794023602307E+01,2.065E-11,34
1.62593289853969E-01,1.66803522058362E+01,8.298E-12,35
1.61769223411823E-01,1.71812609765515E+01,3.437E-12,36
1.60966759796374E-01,1.76821316814872E+01,1.467E-12,37
1.60185502791795E-01,1.81829670199545E+01,6.460E-13,38
1.59424971665061E-01,1.86837694224502E+01,2.905E-13,39
1.58684628105542E-01,1.91845410850365E+01,1.323E-13,40
1.57963896564897E-01,1.96852839983637E+01,6.475E-14,41
1.57262179603070E-01,2.01859999723191E+01,2.949E-14,42
1.56578869438504E-01,2.06866906570767E+01,1.576E-14,43
1.55913356602178E-01,2.11873575611627E+01,8.206E-15,44
1.55265036374573E-01,2.16880020670374E+01,4.338E-15,45
1.54633313521948E-01,2.21886254445910E+01,7.691E-16,46
1.54017605725978E-01,2.26892288628848E+01,2.724E-15,47
1.53417346008587E-01,2.31898134004024E+01,8.661E-11,48
1.52831984384372E-01,2.36903800540348E+01,5.963E-11,49
1.52260988920389E-01,2.41909297469840E+01,4.143E-11,50
1.51703846342040E-01,2.46914633357334E+01,2.905E-11,51
1.51160062293746E-01,2.51919816162212E+01,2.054E-11,52
1.50629161337054E-01,2.56924853293168E+01,1.464E-11,53
1.50110686753180E-01,2.61929751656972E+01,1.051E-11,54
1.49604200199367E-01,2.66934517701989E+01,7.602E-12,55
1.49109281260222E-01,2.71939157457114E+01,5.540E-12,56
1.48625526924260E-01,2.76943676566691E+01,4.061E-12,57
1.48152551009026E-01,2.81948080321904E+01,2.994E-12,58
1.47689983554916E-01,2.86952373689056E+01,2.226E-12,59
1.47237470201390E-01,2.91956561335099E+01,1.659E-12,60
1.46794671555897E-01,2.96960647650725E+01,1.248E-12,61
1.46361262565167E-01,3.01964636771302E+01,9.397E-13,62
1.45936931894492E-01,3.06968532595871E+01,7.163E-13,63
1.45521381319823E-01,3.11972338804444E+01,5.445E-13,64
1.45114325136243E-01,3.16976058873744E+01,4.167E-13,65
1.44715489584783E-01,3.21979696091588E+01,3.221E-13,66
1.44324612300157E-01,3.26983253570027E+01,2.507E-13,67
1.43941441779734E-01,3.31986734257375E+01,1.930E-13,68
1.43565736873081E-01,3.36990140949242E+01,1.519E-13,69
1.43197266296019E-01,3.41993476298661E+01,1.191E-13,70
1.42835808163640E-01,3.46996742825401E+01,9.319E-14,71
1.42481149547776E-01,3.51999942924542E+01,7.347E-14,72
1.42133086053138E-01,3.57003078874370E+01,5.969E-14,73
1.41791421415069E-01,3.62006152843683E+01,4.506E-14,74
1.41455967117020E-01,3.67009166898522E+01,3.987E-14,75
1.41126542027305E-01,3.72012123008421E+01,2.692E-14,76
1.40802972052957E-01,3.77015023052165E+01,2.275E-14,77
1.40485089812270E-01,3.82017868823159E+01,1.885E-14,78
1.40172734323131E-01,3.87020662034404E+01,1.637E-14,79
1.39865750708356E-01,3.92023404323104E+01,1.765E-14,80
1.39563989914798E-01,3.97026097254975E+01,9.608E-15,81
1.39267308447650E-01,4.02028742328237E+01,1.038E-14,82
1.38975568118212E-01,4.07031340977356E+01,6.030E-15,83
1.38688635803529E-01,4.12033894576508E+01,2.731E-15,84
1.38406383221176E-01,4.17036404442828E+01,2.607E-15,85
1.38128686711738E-01,4.22038871839469E+01,2.795E-15,86
1.37855427035827E-01,4.27041297978398E+01,3.007E-15,87
1.37586489177669E-01,4.32043684023097E+01,1.096E-14,88
1.37321762163305E-01,4.37046031091032E+01,5.901E-15,89
1.37061138883754E-01,4.42048340255961E+01,1.768E-15,90
1.36804515927918E-01,4.47050612550180E+01,1.242E-15,91
1.36551793427099E-01,4.52052848966539E+01,1.057E-15,92
1.36302874902914E-01,4.57055050460387E+01,4.855E-15,93
1.36057667124728E-01,4.62057217951384E+01,2.267E-15,94
1.35816079974202E-01,4.67059352325207E+01,9.128E-11,95
1.35578026315596E-01,4.72061454435188E+01,8.202E-11,96
1.35343421873097E-01,4.77063525103798E+01,7.379E-11,97
1.35112185112677E-01,4.82065565124092E+01,6.648E-11,98
1.34884237134703E-01,4.87067575261030E+01,5.997E-11,99
1.34659501568107E-01,4.92069556252820E+01,5.415E-11,100
1.34437904457249E-01,4.97071508812121E+01,4.896E-11,101
1.34219374180848E-01,5.02073433626987E+01,4.432E-11,102
1.34003841361077E-01,5.07075331362315E+01,4.016E-11,103
1.33791238750680E-01,5.12077202660417E+01,3.644E-11,104
1.33581501192948E-01,5.17079048142466E+01,3.309E-11,105
1.33374565497615E-01,5.22080868408862E+01,3.010E-11,106
1.33170370387629E-01,5.27082664040723E+01,2.739E-11,107
1.32968856442824E-01,5.32084435600159E+01,2.495E-11,108
1.32769965989060E-01,5.37086183631238E+01,2.276E-11,109
1.32573643056643E-01,5.42087908660930E+01,2.078E-11,110
1.32379833326155E-01,5.47089611199612E+01,1.898E-11,111
1.32188484056639E-01,5.52091291741709E+01,1.737E-11,112
1.31999544024148E-01,5.57092950766365E+01,1.590E-11,113
1.31812963470127E-01,5.62094588738100E+01,1.457E-11,114
1.31628694050056E-01,5.67096206107348E+01,1.336E-11,115
1.31446688783819E-01,5.72097803311028E+01,1.227E-11,116
1.31266902006450E-01,5.77099380773062E+01,1.127E-11,117
1.31089289318723E-01,5.82100938904908E+01,1.036E-11,118
1.30913807535063E-01,5.87102478105978E+01,9.545E-12,119
1.30740414647363E-01,5.92103998763903E+01,8.786E-12,120
1.30569069822538E-01,5.97105501255078E+01,8.098E-12,121
1.30399733336407E-01,6.02106985945761E+01,7.477E-12,122
1.30232366434225E-01,6.07108453191713E+01,6.901E-12,123
1.30066931473042E-01,6.12109903337598E+01,6.379E-12,124
1.29903391846559E-01,6.17111336720347E+01,5.892E-12,125
1.29741711716712E-01,6.22112753666051E+01,5.454E-12,126
1.29581856464986E-01,6.27114154492603E+01,5.051E-12,127
1.29423792026326E-01,6.32115539509169E+01,4.686E-12,128
1.29267485579030E-01,6.37116909016680E+01,4.345E-12,129
1.29112904763722E-01,6.42118263307121E+01,4.032E-12,130
1.28960018335165E-01,6.47119602667078E+01,3.742E-12,131
1.28808795742083E-01,6.52120927372189E+01,3.478E-12,132
1.28659207019591E-01,6.57122237693489E+01,3.225E-12,133
1.28511223208019E-01,6.62123533895206E+01,3.009E-12,134
1.28364816007374E-01,6.67124816232717E+01,2.809E-12,135
1.28219957662518E-01,6.72126084955509E+01,2.613E-12,136
1.28076621135166E-01,6.77127340307778E+01,2.429E-12,137
1.27934780107248E-01,6.82128582527430E+01,2.271E-12,138
1.27794408895669E-01,6.87129811845970E+01,2.117E-12,139
1.27655482405942E-01,6.92131028489048E+01,1.972E-12,140
1.27517976122671E-01,6.97132232676815E+01,1.849E-12,141
1.27381866103736E-01,7.02133424624101E+01,1.720E-12,142
1.27247128972557E-01,7.07134604540576E+01,1.616E-12,143
1.27113741900093E-01,7.12135772630885E+01,1.509E-12,144
1.26981682591882E-01,7.17136929094873E+01,1.419E-12,145
1.26850929257160E-01,7.22138074127851E+01,1.328E-12,146
1.26721460561013E-01,7.27139207920645E+01,1.239E-12,147
1.26593255599746E-01,7.32140330659135E+01,1.159E-12,148
1.26466293979357E-01,7.37141442523706E+01,1.088E-12,149
1.26340555966060E-01,7.42142543690736E+01,1.034E-12,150
1.26216022287484E-01,7.47143634335793E+01,9.648E-13,151
1.26092673605068E-01,7.52144714630847E+01,9.011E-13,152
1.25970491041817E-01,7.57145784736921E+01,8.571E-13,153
1.25849457053631E-01,7.62146844814647E+01,8.024E-13,154
1.25729553568179E-01,7.67147895030259E+01,7.557E-13,155
1.25610762583804E-01,7.72148935530209E+01,7.061E-13,156
1.25493068192381E-01,7.77149966468429E+01,6.686E-13,157
1.25376452434753E-01,7.82150987997796E+01,6.362E-13,158
1.25260900028520E-01,7.87152000252345E+01,5.950E-13,159
1.25146394158479E-01,7.92153003388190E+01,5.542E-13,160
1.25032919861894E-01,7.97153997527677E+01,5.335E-13,161
1.24920460966505E-01,8.02154982823216E+01,5.061E-13,162
1.24809003642530E-01,8.07155959392477E+01,4.714E-13,163
1.24698531495091E-01,8.12156927375487E+01,4.491E-13,164
1.24589032047556E-01,8.17157886899107E+01,4.191E-13,165
1.24480489666797E-01,8.22158838076561E+01,4.012E-13,166
1.24372890699028E-01,8.27159781047873E+01,3.759E-13,167
1.24266222869247E-01,8.32160715921619E+01,3.616E-13,168
1.24160471464551E-01,8.37161642808698E+01,3.350E-13,169
1.24055623317378E-01,8.42162561837650E+01,3.180E-13,170
1.23951666865684E-01,8.47163473120066E+01,3.066E-13,171
1.23848589490098E-01,8.52164376755825E+01,2.923E-13,172
1.23746378065538E-01,8.57165272852759E+01,2.718E-13,173
1.23645020384102E-01,8.62166161523215E+01,2.566E-13,174
1.23544505061949E-01,8.67167042873921E+01,2.451E-13,175
1.23444820858821E-01,8.72167917004789E+01,2.309E-13,176
1.23345956443321E-01,8.77168784012832E+01,2.206E-13,177
1.23247900536954E-01,8.82169643994522E+01,2.109E-13,178
1.23150642080101E-01,8.87170497045822E+01,1.969E-13,179
1.23054170279195E-01,8.92171343261404E+01,1.902E-13,180
1.22958474589602E-01,8.97172182734086E+01,1.887E-13,181
1.22863544674254E-01,9.02173015554689E+01,1.718E-13,182
1.22769370381291E-01,9.07173841812026E+01,1.583E-13,183
1.22675941737914E-01,9.12174661592849E+01,1.663E-13,184
1.22583248973704E-01,9.17175474981786E+01,1.432E-13,185
1.22491282569954E-01,9.22176282061639E+01,1.432E-13,186
1.22400033310193E-01,9.27177082914186E+01,1.306E-13,187
1.22309492215305E-01,9.32177877621900E+01,1.290E-13,188
1.22219650270694E-01,9.37178666268886E+01,1.270E-13,189
1.22130498035239E-01,9.42179448937769E+01,1.184E-13,190
1.22042025802108E-01,9.47180225701860E+01,1.086E-13,191
1.21954224855973E-01,9.52180996622632E+01,1.068E-13,192
1.21867088441509E-01,9.57181761767067E+01,1.200E-13,193
1.21780609553862E-01,9.62182521227615E+01,1.022E-13,194
1.21694777643206E-01,9.67183275094177E+01,9.044E-14,195
1.21609582447453E-01,9.72184023406596E+01,8.755E-14,196
1.21525020083859E-01,9.77184766211696E+01,8.782E-14,197
1.21441084146343E-01,9.82185503629820E+01,9.564E-14,198
1.21357760661016E-01,9.87186235719943E+01,8.971E-14,199
1.21275046274226E-01,9.92186962485962E+01,6.515E-14,200
1.21192936811329E-01,9.97187684070117E+01,6.868E-14,201
1.21111416002893E-01,1.00218840050600E+02,6.333E-14,202
1.21030486278176E-01,1.00718911181035E+02,5.890E-14,203
1.20950135252128E-01,1.01218981814699E+02,7.107E-14,204
1.20870355360451E-01,1.01719051944958E+02,6.143E-14,205
1.20791146123036E-01,1.02219121589769E+02,5.986E-14,206
1.20712490493553E-01,1.02719190744790E+02,5.672E-14,207
1.20634394881152E-01,1.03219259423900E+02,4.723E-14,208
1.20556838477231E-01,1.03719327625557E+02,4.865E-14,209
1.20479829812567E-01,1.04219395362745E+02,4.208E-14,210
1.20403348303707E-01,1.04719462631557E+02,4.391E-14,211
1.20327400068676E-01,1.05219529449737E+02,4.799E-14,212
1.20251971260288E-01,1.05719595806719E+02,4.584E-14,213
1.20177056557597E-01,1.06219661725325E+02,4.677E-14,214
1.20102658403622E-01,1.06719727195149E+02,3.954E-14,215
1.20028755462268E-01,1.07219792228715E+02,3.786E-14,216
1.19955358314512E-01,1.07719856835615E+02,3.296E-14,217
1.19882454123092E-01,1.08219921006016E+02,3.952E-14,218
1.19810030265008E-01,1.08719984758677E+02,3.465E-14,219
1.19738096234782E-01,1.09220048097250E+02,3.394E-14,220
1.19666639826542E-01,1.09720111014088E+02,3.064E-14,221
1.19595647212070E-01,1.10220173523637E+02,2.077E-14,222
1.19525124031630E-01,1.10720235635808E+02,1.922E-14,223
1.19455068611824E-01,1.11220297344518E+02,3.474E-14,224
1.19385466336690E-01,1.11720358651576E+02,2.374E-14,225
1.19316309721421E-01,1.12220419569724E+02,4.055E-14,226
1.19247600990640E-01,1.12720480106343E+02,1.935E-14,227
1.19179339384473E-01,1.13220540260209E+02,2.112E-14,228
1.19111516887832E-01,1.13720600030753E+02,1.942E-14,229
1.19044124211728E-01,1.14220659423033E+02,2.319E-14,230
1.18977155774986E-01,1.14720718444775E+02,1.480E-14,231
1.18910609183384E-01,1.15220777102173E+02,1.353E-14,232
1.18844482427199E-01,1.15720835398821E+02,2.219E-14,233
1.18778772197056E-01,1.16220893336981E+02,1.682E-14,234
1.18713473924806E-01,1.16720950919022E+02,1.112E-14,235
1.18648582553720E-01,1.17221008148012E+02,7.103E-15,236
1.18584093159717E-01,1.17721065027605E+02,2.326E-14,237
1.18520001186990E-01,1.18221121561705E+02,1.948E-14,238
1.18456302414345E-01,1.18721177754206E+02,2.046E-14,239
1.18392992830521E-01,1.19221233608861E+02,9.403E-15,240
1.18330068512023E-01,1.19721289129266E+02,1.738E-14,241
1.18267525549276E-01,1.20221344318851E+02,2.199E-14,242
1.18205360022632E-01,1.20721399180881E+02,7.731E-15,243
1.18143568026016E-01,1.21221453718434E+02,1.649E-14,244
1.18082145761030E-01,1.21721507934352E+02,1.512E-14,245
1.18021089711597E-01,1.22221561831269E+02,8.236E-15,246
1.17960396847486E-01,1.22721615411780E+02,1.445E-14,247
1.17900064723503E-01,1.23221668678847E+02,9.082E-15,248
1.17840091159271E-01,1.23721721636384E+02,1.146E-14,249
1.17780473262850E-01,1.24221774289543E+02,3.375E-15,250
1.17721206097597E-01,1.24721826643922E+02,3.466E-15,251
1.17662282305324E-01,1.25221878703290E+02,8.988E-15,252
1.17603694473382E-01,1.25721930467097E+02,5.139E-15,253
1.17545440023945E-01,1.26221981931384E+02,6.656E-15,254
1.17487523598800E-01,1.26722033095421E+02,1.147E-14,255
1.17429950253466E-01,1.27222083968851E+02,8.709E-15,256
1.17372712810717E-01,1.27722134566930E+02,1.688E-14,257
1.17315792298548E-01,1.28222184892357E+02,8.102E-15,258
1.17259181225205E-01,1.28722234929465E+02,1.237E-14,259
1.17202896996136E-01,1.29222284672293E+02,4.641E-15,260
1.17146948635967E-01,1.29722334146278E+02,8.444E-15,261
1.17091307041508E-01,1.30222383368173E+02,1.243E-14,262
1.17035954947148E-01,1.30722432309722E+02,2.196E-14,263
1.16980926201322E-01,1.31222480962050E+02,1.616E-14,264
1.16926221842201E-01,1.31722529370651E+02,1.012E-14,265
1.16871791772784E-01,1.32222577528692E+02,4.731E-15,266
1.16817661131615E-01,1.32722625393089E+02,3.404E-14,267
1.16763859857161E-01,1.33222673015009E+02,2.306E-14,268
1.16710321236416E-01,1.33722720402377E+02,6.172E-15,269
1.16657075393208E-01,1.34222767495800E+02,4.804E-15,270
1.16604151505395E-01,1.34722814366120E+02,1.397E-14,271
1.16551468915061E-01,1.35222860992713E+02,3.961E-14,272
1.16499101690823E-01,1.35722907336448E+02,9.633E-15,273
1.16447013956155E-01,1.36222953486137E+02,8.174E-15,274
1.16395176904314E-01,1.36722999349081E+02,1.478E-15,275
1.16343665323625E-01,1.37223044996969E+02,1.276E-14,276
1.16292370460847E-01,1.37723090406416E+02,3.979E-15,277
1.16241402268202E-01,1.38223135557617E+02,3.241E-15,278
1.16190656617945E-01,1.38723180515146E+02,8.215E-15,279
1.16140213907843E-01,1.39223225188603E+02,2.104E-15,280
1.16090009209298E-01,1.39723269692128E+02,8.439E-15,281
1.16040086423044E-01,1.40223313903603E+02,3.640E-15,282
1.15990406791878E-01,1.40723357956069E+02,2.835E-15,283
1.15941003075769E-01,1.41223401716633E+02,6.452E-15,284
1.15891830552381E-01,1.41723445322826E+02,1.081E-14,285
1.15842945979889E-01,1.42223488644617E+02,4.596E-14,286
1.15794264133920E-01,1.42723531804444E+02,1.735E-14,287
1.15745894159263E-01,1.43223574706843E+02,1.342E-14,288
1.15697697140819E-01,1.43723617412076E+02,2.158E-14,289
1.15649820153520E-01,1.44223659918441E+02,1.666E-14,290
1.15602125040960E-01,1.44723702166656E+02,6.529E-15,291
1.15554698402730E-01,1.45223744277774E+02,1.042E-14,292
1.15507528687148E-01,1.45723786106270E+02,2.337E-15,293
1.15460534616340E-01,1.46223827776522E+02,2.825E-15,294
1.15413852068536E-01,1.46723869248373E+02,1.100E-14,295
1.15367352885992E-01,1.47223910459274E+02,3.100E-15,296
1.15321072333527E-01,1.47723951544538E+02,5.985E-15,297
1.15275087199679E-01,1.48223992395577E+02,1.170E-14,298
1.15229263850507E-01,1.48724033013627E+02,6.976E-15,299
1.15183667402721E-01,1.49224073509030E+02,1.256E-14,300
1.15138357889576E-01,1.49724113776680E+02,5.273E-15,301
1.15093215348459E-01,1.50224153807045E+02,1.403E-14,302
1.15048269091045E-01,1.50724193711068E+02,5.545E-15,303
1.15003607741834E-01,1.51224233430147E+02,7.403E-15,304
1.14959152912092E-01,1.51724272896632E+02,2.610E-15,305
1.14914852219389E-01,1.52224312195602E+02,1.942E-16,306
1.14870788243293E-01,1.52724351365690E+02,3.360E-15,307
1.14826988503860E-01,1.53224390327014E+02,9.946E-11,308
1.14783375055763E-01,1.53724429054591E+02,9.764E-11,309
1.14739918343929E-01,1.54224467619474E+02,9.594E-11,310
1.14696677989624E-01,1.54724506055513E+02,9.435E-11,311
1.14653690971592E-01,1.55224544313417E+02,9.272E-11,312
1.14610918229486E-01,1.55724582349983E+02,9.106E-11,313
1.14568309895648E-01,1.56224620188153E+02,8.945E-11,314
1.14525868446201E-01,1.56724657876815E+02,8.793E-11,315
1.14483633066293E-01,1.57224695430204E+02,8.647E-11,316
1.14441628209882E-01,1.57724732821943E+02,8.504E-11,317
1.14399841979844E-01,1.58224770021501E+02,8.358E-11,318
1.14358244452188E-01,1.58724807023180E+02,8.213E-11,319
1.14316815085031E-01,1.59224843844962E+02,8.069E-11,320
1.14275553638809E-01,1.59724880509774E+02,7.933E-11,321
1.14234473210786E-01,1.60224917030097E+02,7.804E-11,322
1.14193587563296E-01,1.60724953404877E+02,7.676E-11,323
1.14152903066179E-01,1.61224989625323E+02,7.552E-11,324
1.14112417769889E-01,1.61725025682328E+02,7.430E-11,325
1.14072124786433E-01,1.62225061570871E+02,7.308E-11,326
1.14032016311107E-01,1.62725097290742E+02,7.185E-11,327
1.13992086194791E-01,1.63225132845023E+02,7.067E-11,328
1.13952330735061E-01,1.63725168238130E+02,6.951E-11,329
1.13912748297801E-01,1.64225203474315E+02,6.835E-11,330
1.13873338487647E-01,1.64725238556962E+02,6.723E-11,331
1.13834101400068E-01,1.65225273488485E+02,6.614E-11,332
1.13795037124343E-01,1.65725308270545E+02,6.506E-11,333
1.13756145476995E-01,1.66225342904359E+02,6.403E-11,334
1.13717425937478E-01,1.66725377390976E+02,6.300E-11,335
1.13678877635433E-01,1.67225411731470E+02,6.200E-11,336
1.13640499345845E-01,1.67725445927038E+02,6.103E-11,337
1.13602289470706E-01,1.68225479978997E+02,6.006E-11,338
1.13564245969018E-01,1.68725513888696E+02,5.912E-11,339
1.13526366317574E-01,1.69225547657285E+02,5.820E-11,340
1.13488647546695E-01,1.69725581285365E+02,5.731E-11,341
1.13451086501886E-01,1.70225614772557E+02,5.644E-11,342
1.13413680457401E-01,1.70725648117123E+02,5.558E-11,343
1.13376428110646E-01,1.71225681315961E+02,5.474E-11,344
1.13339330803973E-01,1.71725714365334E+02,5.390E-11,345
1.13302393361048E-01,1.72225747262698E+02,5.307E-11,346
1.13265623549045E-01,1.72725780009482E+02,5.226E-11,347
1.13229029162921E-01,1.73225812613675E+02,5.142E-11,348
1.13192612637870E-01,1.73725845090070E+02,5.061E-11,349
1.13156365295458E-01,1.74225877455707E+02,4.982E-11,350
1.13120265917394E-01,1.74725909720039E+02,4.907E-11,351
1.13084288648232E-01,1.75225941874362E+02,4.837E-11,352
1.13048420379560E-01,1.75725973889975E+02,4.770E-11,353
1.13012677320013E-01,1.76226005733874E+02,4.699E-11,354
1.12977102411129E-01,1.76726037398083E+02,4.628E-11,355
1.12941733111998E-01,1.77226068919128E+02,4.555E-11,356
1.12906558277883E-01,1.77726100357863E+02,4.483E-11,357
1.12871511568808E-01,1.78226131740286E+02,4.419E-11,358
1.12836531554851E-01,1.78726163014825E+02,4.361E-11,359
1.12801641599703E-01,1.79226194094799E+02,4.300E-11,360
1.12766942492452E-01,1.79726224968122E+02,4.233E-11,361
1.12732486284272E-01,1.80226255737883E+02,4.165E-11,362
1.12698180989101E-01,1.80726286495827E+02,4.106E-11,363
1.12663901935047E-01,1.81226317171088E+02,4.052E-11,364
1.12629696400281E-01,1.81726347613802E+02,3.997E-11,365
1.12595736061285E-01,1.82226377849046E+02,3.932E-11,366
1.12562017122493E-01,1.82726408068872E+02,3.876E-11,367
1.12528330031513E-01,1.83226438287573E+02,3.825E-11,368
1.12494651334888E-01,1.83726468279333E+02,3.774E-11,369
1.12461226321049E-01,1.84226498022995E+02,3.714E-11,370
1.12428063134670E-01,1.84726527786591E+02,3.658E-11,371
1.12394873115874E-01,1.85226557551900E+02,3.617E-11,372
1.12361720011633E-01,1.85726587016367E+02,3.564E-11,373
1.12328909484092E-01,1.86226616309708E+02,3.507E-11,374
1.12296230915139E-01,1.86726645719877E+02,3.461E-11,375
1.12263449832338E-01,1.87226674948752E+02,3.419E-11,376
1.12230945459007E-01,1.87726703861241E+02,3.365E-11,377
1.12198708056063E-01,1.88226732886380E+02,3.320E-11,378
1.12166324104028E-01,1.88726761836492E+02,3.281E-11,379
1.12134161942118E-01,1.89226790406513E+02,3.228E-11,380
1.12102320064642E-01,1.89726819092700E+02,3.184E-11,381
1.12070296186544E-01,1.90226847718810E+02,3.146E-11,382
1.12038533463251E-01,1.90726875946808E+02,3.096E-11,383
1.12007048184046E-01,1.91226904362380E+02,3.056E-11,384
1.11975347029091E-01,1.91726932602614E+02,3.020E-11,385
1.11944051977220E-01,1.92226960524042E+02,2.970E-11,386
1.11912829935088E-01,1.92726988704798E+02,2.937E-11,387
1.11881504001933E-01,1.93227016475035E+02,2.899E-11,388
1.11850677067794E-01,1.93727044228089E+02,2.854E-11,389
1.11819606838051E-01,1.94227072053047E+02,2.826E-11,390
1.11788846273109E-01,1.94727099410852E+02,2.778E-11,391
1.11758247025794E-01,1.95227127087733E+02,2.748E-11,392
1.11727498138112E-01,1.95727154319769E+02,2.709E-11,393
1.11697273165581E-01,1.96227181625790E+02,2.674E-11,394
1.11666708239418E-01,1.96727208861699E+02,2.642E-11,395
1.11636666501093E-01,1.97227235777628E+02,2.602E-11,396
1.11606435286478E-01,1.97727262961673E+02,2.575E-11,397
1.11576478765970E-01,1.98227289590558E+02,2.533E-11,398
1.11546616373413E-01,1.98727316616205E+02,2.509E-11,399
1.11516748846462E-01,1.99227343054554E+02,2.472E-11,400
1.11487218443083E-01,1.99727369856323E+02,2.443E-11,401
1.11457483518274E-01,2.00227396145871E+02,2.409E-11,402
1.11428234802890E-01,2.00727422711962E+02,2.381E-11,403
1.11398672439394E-01,2.01227448849482E+02,2.348E-11,404
1.11369667255772E-01,2.01727475201680E+02,2.322E-11,405
1.11340303931072E-01,2.02227501160925E+02,2.289E-11,406
1.11311514325763E-01,2.02727527335188E+02,2.263E-11,407
1.11282372699524E-01,2.03227553082737E+02,2.231E-11,408
1.11253766913312E-01,2.03727579115734E+02,2.207E-11,409
1.11224881288417E-01,2.04227604624477E+02,2.174E-11,410
1.11196409749582E-01,2.04727630537285E+02,2.153E-11,411
1.11167835053773E-01,2.05227655807840E+02,2.120E-11,412
1.11139431160864E-01,2.05727681578687E+02,2.102E-11,413
1.11111226601076E-01,2.06227706670300E+02,2.066E-11,414
1.11082844241706E-01,2.06727732206745E+02,2.051E-11,415
1.11055011919375E-01,2.07227757249824E+02,2.019E-11,416
1.11026706155045E-01,2.07727782408426E+02,1.997E-11,417
1.10999107863750E-01,2.08227807535033E+02,1.972E-11,418
1.10971088632539E-01,2.08727832250433E+02,1.943E-11,419
1.10943465716765E-01,2.09227857416823E+02,1.929E-11,420
1.10915962305716E-01,2.09727881882668E+02,1.896E-11,421
1.10888200244887E-01,2.10227906766495E+02,1.880E-11,422
1.10861115760844E-01,2.10727931360884E+02,1.855E-11,423
1.10833541327643E-01,2.11227955680732E+02,1.829E-11,424
1.10806392367969E-01,2.11727980436108E+02,1.816E-11,425
1.10779435882200E-01,2.12228004502156E+02,1.788E-11,426
1.10752085375365E-01,2.12728028855256E+02,1.767E-11,427
1.10725431834330E-01,2.13228053217927E+02,1.750E-11,428
1.10698535935334E-01,2.13728076992170E+02,1.722E-11,429
1.10671561781821E-01,2.14228101265233E+02,1.709E-11,430
1.10645238551107E-01,2.14728125235937E+02,1.686E-11,431
1.10618502441829E-01,2.15228148806382E+02,1.662E-11,432
1.10591873424695E-01,2.15728172889679E+02,1.649E-11,433
1.10565825483675E-01,2.16228196569182E+02,1.629E-11,434
1.10539346458776E-01,2.16728219908312E+02,1.604E-11,435
1.10512969196466E-01,2.17228243746073E+02,1.592E-11,436
1.10487189493582E-01,2.17728267245685E+02,1.573E-11,437
1.10461059725467E-01,2.18228290311666E+02,1.550E-11,438
1.10434852720628E-01,2.18728313833366E+02,1.538E-11,439
1.10409283298789E-01,2.19228337252876E+02,1.523E-11,440
1.10383610444856E-01,2.19728360087354E+02,1.497E-11,441
1.10357593411893E-01,2.20228383163573E+02,1.483E-11,442
1.10332067968400E-01,2.20728406500463E+02,1.472E-11,443
1.10306868807123E-01,2.21228429303413E+02,1.452E-11,444
1.10281269568387E-01,2.21728451876983E+02,1.431E-11,445
1.10255671261716E-01,2.22228474869076E+02,1.419E-11,446
1.10230646384915E-01,2.22728497817361E+02,1.407E-11,447
1.10205699612062E-01,2.23228520211820E+02,1.385E-11,448
1.10180366425383E-01,2.23728542556988E+02,1.365E-11,449
1.10155141750544E-01,2.24228565288483E+02,1.358E-11,450
1.10130448244434E-01,2.24728587934979E+02,1.345E-11,451
1.10105850960812E-01,2.25228610071622E+02,1.326E-11,452
1.10080911452779E-01,2.25728632082460E+02,1.306E-11,453
1.10055947943028E-01,2.26228654424455E+02,1.294E-11,454
1.10031434732080E-01,2.26728676858946E+02,1.287E-11,455
1.10007226218661E-01,2.27228698901099E+02,1.272E-11,456
1.09982841897803E-01,2.27728720590833E+02,1.251E-11,457
1.09958208935441E-01,2.28228742380009E+02,1.236E-11,458
1.09933720201104E-01,2.28728764450679E+02,1.227E-11,459
1.09909651140897E-01,2.29228786500371E+02,1.217E-11,460
1.09885818149470E-01,2.29728808189085E+02,1.204E-11,461
1.09861859710714E-01,2.30228829561950E+02,1.186E-11,462
1.09837681246437E-01,2.30728850947837E+02,1.171E-11,463
1.09813524451111E-01,2.31228872556709E+02,1.160E-11,464
1.09789665652207E-01,2.31728894274785E+02,1.152E-11,465
1.09766134089151E-01,2.32228915824919E+02,1.141E-11,466
1.09742720546102E-01,2.32728937053457E+02,1.129E-11,467
1.09719200826150E-01,2.33228958048837E+02,1.111E-11,468
1.09695526747890E-01,2.33728979028471E+02,1.098E-11,469
1.09671834729550E-01,2.34229000145124E+02,1.087E-11,470
1.09648311873033E-01,2.34729021384430E+02,1.077E-11,471
1.09625055782213E-01,2.35229042605257E+02,1.068E-11,472
1.09602027145649E-01,2.35729063655960E+02,1.061E-11,473
1.09579100156326E-01,2.36229084469355E+02,1.047E-11,474
1.09556151492409E-01,2.36729105084143E+02,1.034E-11,475
1.09533125031539E-01,2.37229125602284E+02,1.021E-11,476
1.09510044621541E-01,2.37729146125078E+02,1.009E-11,477
1.09486984823140E-01,2.38229166707176E+02,9.988E-12,478
1.09464027232451E-01,2.38729187344625E+02,9.892E-12,479
1.09441226647234E-01,2.39229207990944E+02,9.808E-12,480
1.09418597995276E-01,2.39729228584935E+02,9.749E-12,481
1.09396121842089E-01,2.40229249075142E+02,9.653E-12,482
1.09373759773589E-01,2.40729269433111E+02,9.561E-12,483
1.09351470708749E-01,2.41229289654970E+02,9.461E-12,484
1.09329222415606E-01,2.41729309755204E+02,9.356E-12,485
1.09306996570121E-01,2.42229329757513E+02,9.249E-12,486
1.09284788407193E-01,2.42729349686590E+02,9.139E-12,487
1.09262603216724E-01,2.43229369562631E+02,9.031E-12,488
1.09240451869543E-01,2.43729389398906E+02,8.921E-12,489
1.09218346859372E-01,2.44229409201780E+02,8.830E-12,490
1.09196299557633E-01,2.44729428972014E+02,8.734E-12,491
1.09174318767069E-01,2.45229448706676E+02,8.651E-12,492
1.09152410325762E-01,2.45729468400915E+02,8.559E-12,493
1.09130577382072E-01,2.46229488049299E+02,8.469E-12,494
1.09108821006672E-01,2.46729507646771E+02,8.400E-12,495
1.09087140916603E-01,2.47229527189079E+02,8.311E-12,496
1.09065536102380E-01,2.47729546672952E+02,8.240E-12,497
1.09044005359408E-01,2.48229566096117E+02,8.141E-12,498
1.09022547653747E-01,2.48729585457156E+02,8.072E-12,499
1.09001162370625E-01,2.49229604755466E+02,7.992E-12,500
1.08979849446310E-01,2.49729623991194E+02,7.910E-12,501
1.08958609364738E-01,2.50229643165261E+02,7.840E-12,502
1.08937443072459E-01,2.50729662279495E+02,7.748E-12,503
1.08916351739499E-01,2.51229681336756E+02,7.683E-12,504
1.08895336356609E-01,2.51729700341152E+02,7.611E-12,505
1.08874397162163E-01,2.52229719298068E+02,7.541E-12,506
1.08853532864170E-01,2.52729738214103E+02,7.457E-12,507
1.08832739762499E-01,2.53229757096568E+02,7.392E-12,508
1.08812010915121E-01,2.53729775952548E+02,7.321E-12,509
1.08791335591649E-01,2.54229794787313E+02,7.266E-12,510
1.08770699478663E-01,2.54729813602204E+02,7.211E-12,511
1.08750086051857E-01,2.55229832392170E+02,7.155E-12,512
1.08729479520065E-01,2.55729851143755E+02,7.104E-12,513
1.08708869404171E-01,2.56229869834402E+02,7.049E-12,514
1.08688256150463E-01,2.56729888434328E+02,6.987E-12,515
1.08667656292109E-01,2.57229906912053E+02,6.939E-12,516
1.08647104719697E-01,2.57729925243771E+02,6.851E-12,517
1.08626651204671E-01,2.58229943424846E+02,6.770E-12,518
1.08606349084109E-01,2.58729961479995E+02,6.679E-12,519
1.08586236560844E-01,2.59229979466280E+02,6.603E-12,520
1.08566315345104E-01,2.59729997463329E+02,6.510E-12,521
1.08546535992206E-01,2.60230015548318E+02,6.457E-12,522
1.08526801422734E-01,2.60730033760692E+02,6.415E-12,523
1.08506996452512E-01,2.61230052070504E+02,6.367E-12,524
1.08487039678125E-01,2.61730070370740E+02,6.346E-12,525
1.08466937361887E-01,2.62230088510302E+02,6.311E-12,526
1.08446806141067E-01,2.62730106366129E+02,6.241E-12,527
1.08426835033816E-01,2.63230123924973E+02,6.159E-12,528
1.08407185911505E-01,2.63730141322257E+02,6.085E-12,529
1.08387878238144E-01,2.64230158791331E+02,5.991E-12,530
1.08368739008431E-01,2.64730176524533E+02,5.945E-12,531
1.08349483648823E-01,2.65230194521088E+02,5.928E-12,532
1.08329910936691E-01,2.65730212542679E+02,5.905E-12,533
1.08310085858517E-01,2.66230230254595E+02,5.863E-12,534
1.08290341630235E-01,2.66730247491614E+02,5.783E-12,535
1.08271036752364E-01,2.67230264441991E+02,5.697E-12,536
1.08252223273819E-01,2.67730281542385E+02,5.622E-12,537
1.08233535791650E-01,2.68230299098101E+02,5.600E-12,538
1.08214486835048E-01,2.68730316946124E+02,5.591E-12,539
1.08194964364155E-01,2.69230334544377E+02,5.571E-12,540
1.08175421833537E-01,2.69730351507337E+02,5.482E-12,541
1.08156450217998E-01,2.70230368078322E+02,5.403E-12,542
1.08138090804410E-01,2.70730384941066E+02,5.338E-12,543
1.08119696131133E-01,2.71230402438088E+02,5.325E-12,544
1.08100660067163E-01,2.71730420076188E+02,5.332E-12,545
1.08081234234141E-01,2.72230437062008E+02,5.261E-12,546
1.08062303376219E-01,2.72730453356950E+02,5.191E-12,547
1.08044207496385E-01,2.73230469838559E+02,5.105E-12,548
1.08026164897165E-01,2.73730487127719E+02,5.078E-12,549
1.08007317086011E-01,2.74230504608165E+02,5.103E-12,550
1.07988068648891E-01,2.74730521238525E+02,5.035E-12,551
1.07969587652550E-01,2.75230537187427E+02,4.946E-12,552
1.07951947992479E-01,2.75730553697970E+02,4.892E-12,553
1.07933874852630E-01,2.76230571079345E+02,4.896E-12,554
1.07914841076573E-01,2.76730588056604E+02,4.873E-12,555
1.07896103700357E-01,2.77230603907449E+02,4.781E-12,556
1.07878555442126E-01,2.77730619865013E+02,4.725E-12,557
1.07860983176244E-01,2.78230636967176E+02,4.709E-12,558
1.07842229542944E-01,2.78730654007610E+02,4.715E-12,559
1.07823516317351E-01,2.79230669734966E+02,4.649E-12,560
1.07806162645532E-01,2.79730685415598E+02,4.562E-12,561
1.07788824911969E-01,2.80230702406737E+02,4.569E-12,562
1.07770143501190E-01,2.80730719252676E+02,4.559E-12,563
1.07751722010412E-01,2.81230734635165E+02,4.473E-12,564
1.07734782908868E-01,2.81730750337797E+02,4.429E-12,565
1.07717341138988E-01,2.82230767419596E+02,4.429E-12,566
1.07698582370443E-01,2.82730783688722E+02,4.405E-12,567
1.07680888094480E-01,2.83230798668610E+02,4.305E-12,568
1.07664297797196E-01,2.83730814880151E+02,4.293E-12,569
1.07646244026059E-01,2.84230831830933E+02,4.291E-12,570
1.07627826556781E-01,2.84730847045917E+02,4.220E-12,571
1.07611243196384E-01,2.85230862267687E+02,4.149E-12,572
1.07594140219964E-01,2.85730879194254E+02,4.184E-12,573
1.07575555941214E-01,2.86230894983884E+02,4.134E-12,574
1.07558589972678E-01,2.86730909623274E+02,4.043E-12,575
1.07542172198875E-01,2.87230926129080E+02,4.046E-12,576
1.07523796367619E-01,2.87730942351378E+02,4.054E-12,577
1.07506497002159E-01,2.88230956746869E+02,3.966E-12,578
1.07490470999808E-01,2.88730972818609E+02,3.937E-12,579
1.07472364658691E-01,2.89230989223363E+02,3.946E-12,580
1.07454948644706E-01,2.89731003482619E+02,3.869E-12,581
1.07439157366876E-01,2.90231019304450E+02,3.862E-12,582
1.07421191224489E-01,2.90731035683373E+02,3.872E-12,583
1.07403909430071E-01,2.91231049769273E+02,3.775E-12,584
1.07388268266894E-01,2.91731065595744E+02,3.776E-12,585
1.07370258835881E-01,2.92231081741628E+02,3.755E-12,586
1.07353394825763E-01,2.92731095623010E+02,3.677E-12,587
1.07337745594788E-01,2.93231111710353E+02,3.694E-12,588
1.07319597984126E-01,2.93731127322773E+02,3.652E-12,589
1.07303455466954E-01,2.94231141154669E+02,3.564E-12,590
1.07287434125356E-01,2.94731157619713E+02,3.612E-12,591
1.07269356686885E-01,2.95231172319388E+02,3.556E-12,592
1.07254058289877E-01,2.95731186593878E+02,3.523E-12,593
1.07237163350687E-01,2.96231203115735E+02,3.530E-12,594
1.07219844226469E-01,2.96731216782019E+02,3.462E-12,595
1.07204888957719E-01,2.97231232153277E+02,3.447E-12,596
1.07187040357991E-01,2.97731247778023E+02,3.441E-12,597
1.07171278763416E-01,2.98231261180396E+02,3.378E-12,598
1.07155393069707E-01,2.98731277581720E+02,3.375E-12,599
1.07137750294346E-01,2.99231291440477E+02,3.343E-12,600
1.07123142953159E-01,2.99731306170368E+02,3.309E-12,601
1.07105582627780E-01,3.00231321919784E+02,3.305E-12,602
1.07089933333122E-01,3.00731335015529E+02,3.253E-12,603
1.07074223782774E-01,3.01231351336123E+02,3.271E-12,604
1.07056861331453E-01,3.01731364782512E+02,3.190E-12,605
1.07042498579621E-01,3.02231379758808E+02,3.193E-12,606
1.07024786730831E-01,3.02731394832776E+02,3.177E-12,607
1.07010053301087E-01,3.03231408097120E+02,3.111E-12,608
1.06993557953011E-01,3.03731424299088E+02,3.141E-12,609
1.06977393639902E-01,3.04231436961786E+02,3.072E-12,610
1.06962512144268E-01,3.04731452923422E+02,3.111E-12,611
1.06945147511204E-01,3.05231466283683E+02,3.035E-12,612
1.06931178134335E-01,3.05731481013850E+02,3.029E-12,613
1.06913569506902E-01,3.06231495640130E+02,3.000E-12,614
1.06899507026302E-01,3.06731509002815E+02,2.957E-12,615
1.06882544169741E-01,3.07231524671126E+02,2.974E-12,616
1.06867711094311E-01,3.07731537140835E+02,2.894E-12,617
1.06851818163179E-01,3.08231553247865E+02,2.947E-12,618
1.06836031462391E-01,3.08731565453944E+02,2.870E-12,619
1.06821188435580E-01,3.09231581424726E+02,2.897E-12,620
1.06804613584308E-01,3.09731593841663E+02,2.810E-12,621
1.06790564085707E-01,3.10231609325905E+02,2.854E-12,622
1.06773495845168E-01,3.10731622180965E+02,2.779E-12,623
1.06759943566619E-01,3.11231637063883E+02,2.795E-12,624
1.06742650449641E-01,3.11731650381108E+02,2.761E-12,625
1.06729368237756E-01,3.12231664709726E+02,2.749E-12,626
1.06712026923447E-01,3.12731678393400E+02,2.702E-12,627
1.06698886282114E-01,3.13231692297080E+02,2.708E-12,628
1.06681579286045E-01,3.13731706199154E+02,2.675E-12,629
1.06668534050465E-01,3.14231719837770E+02,2.660E-12,630
1.06651277762490E-01,3.14731733793794E+02,2.636E-12,631
1.06638329395314E-01,3.15231747335956E+02,2.628E-12,632
1.06621112245724E-01,3.15731761175616E+02,2.599E-12,633
1.06608269888748E-01,3.16231774795654E+02,2.587E-12,634
1.06591093485869E-01,3.16731788342385E+02,2.558E-12,635
1.06578331802296E-01,3.17231802220101E+02,2.560E-12,636
1.06561253827473E-01,3.17731815296036E+02,2.525E-12,637
1.06548470252647E-01,3.18231829602661E+02,2.536E-12,638
1.06531644915190E-01,3.18731842056030E+02,2.469E-12,639
1.06518625507003E-01,3.19231856910025E+02,2.482E-12,640
1.06502325136203E-01,3.19731868678400E+02,2.423E-12,641
1.06488743985058E-01,3.20231884063091E+02,2.480E-12,642
1.06473328222818E-01,3.20731895271067E+02,2.390E-12,643
1.06458820722090E-01,3.21231910930941E+02,2.429E-12,644
1.06444611344728E-01,3.21731921983951E+02,2.376E-12,645
1.06428955654890E-01,3.22231937363617E+02,2.398E-12,646
1.06416004012379E-01,3.22731948946738E+02,2.355E-12,647
1.06399385343629E-01,3.23231963286607E+02,2.334E-12,648
1.06387214500754E-01,3.23731976146343E+02,2.331E-12,649
1.06370418974109E-01,3.24231988837495E+02,2.294E-12,650
1.06357966802232E-01,3.24732003303188E+02,2.310E-12,651
1.06342224658994E-01,3.25232014438210E+02,2.250E-12,652
1.06328272961375E-01,3.25732029897424E+02,2.282E-12,653
1.06314543632339E-01,3.26232040626699E+02,2.213E-12,654
1.06298655739299E-01,3.26732055500219E+02,2.249E-12,655
1.06286628944995E-01,3.27232067581626E+02,2.222E-12,656
1.06269954823592E-01,3.27732080312665E+02,2.175E-12,657
1.06257750717918E-01,3.28232094665943E+02,2.204E-12,658
1.06242540953030E-01,3.28732105351879E+02,2.126E-12,659
1.06228108284612E-01,3.29232120694999E+02,2.170E-12,660
1.06215552006037E-01,3.29732131634645E+02,2.137E-12,661
1.06199096810479E-01,3.30232145213737E+02,2.109E-12,662
1.06187425511317E-01,3.30732158754850E+02,2.121E-12,663
1.06171892430546E-01,3.31232169541841E+02,2.063E-12,664
1.06157923281754E-01,3.31732184799754E+02,2.089E-12,665
1.06145488342951E-01,3.32232195522101E+02,2.046E-12,666
1.06129112228474E-01,3.32732208820199E+02,2.043E-12,667
1.06117486785509E-01,3.33232222598066E+02,2.064E-12,668
1.06102631948287E-01,3.33732232903954E+02,1.999E-12,669
1.06087967470438E-01,3.34232247917833E+02,2.024E-12,670
1.06076414519965E-01,3.34732259311871E+02,2.002E-12,671
1.06060190414648E-01,3.35232271154732E+02,1.955E-12,672
1.06047670631197E-01,3.35732285931639E+02,1.997E-12,673
1.06034734952923E-01,3.36232295992487E+02,1.934E-12,674
1.06018726315378E-01,3.36732309557404E+02,1.944E-12,675
1.06007438329600E-01,3.37232323021240E+02,1.955E-12,676
1.05993043975268E-01,3.37732332985111E+02,1.887E-12,677
1.05978047198690E-01,3.38232347547299E+02,1.915E-12,678
1.05967057340179E-01,3.38732359662898E+02,1.899E-12,679
1.05951752848726E-01,3.39232370117952E+02,1.849E-12,680
1.05937785916953E-01,3.39732384985259E+02,1.876E-12,681
1.05926660471715E-01,3.40232396170564E+02,1.860E-12,682
1.05910973577539E-01,3.40732407122042E+02,1.819E-12,683
1.05897699167697E-01,3.41232421957304E+02,1.842E-12,684
1.05886431535347E-01,3.41732432656490E+02,1.823E-12,685
1.05870677660576E-01,3.42232443821516E+02,1.784E-12,686
1.05857681689207E-01,3.42732458567740E+02,1.816E-12,687
1.05846473993157E-01,3.43232469143550E+02,1.783E-12,688
1.05830837372423E-01,3.43732480151453E+02,1.752E-12,689
1.05817704982556E-01,3.44232494843362E+02,1.787E-12,690
1.05806781054224E-01,3.44732505645210E+02,1.767E-12,691
1.05791481158267E-01,3.45232516145528E+02,1.712E-12,692
1.05777800143643E-01,3.45732530711581E+02,1.731E-12,693
1.05767228691927E-01,3.46232542161466E+02,1.721E-12,694
1.05752665315025E-01,3.46732551955818E+02,1.673E-12,695
1.05738111474649E-01,3.47232566037120E+02,1.683E-12,696
1.05727596652755E-01,3.47732578585512E+02,1.705E-12,697
1.05714347782341E-01,3.48232587870142E+02,1.652E-12,698
1.05698968220872E-01,3.48732600765616E+02,1.646E-12,699
1.05687710878398E-01,3.49232614568602E+02,1.680E-12,700
1.05676185710578E-01,3.49732624188602E+02,1.642E-12,701
1.05660798512279E-01,3.50232635195946E+02,1.592E-12,702
1.05647786172378E-01,3.50732649549003E+02,1.628E-12,703
1.05637485243296E-01,3.51232660811394E+02,1.617E-12,704
1.05623650945024E-01,3.51732670136730E+02,1.567E-12,705
1.05608719933761E-01,3.52232683285995E+02,1.573E-12,706
1.05597774661430E-01,3.52732696776431E+02,1.595E-12,707
1.05586528810506E-01,3.53232706315942E+02,1.555E-12,708
1.05571517694903E-01,3.53732716764124E+02,1.526E-12,709
1.05557976877181E-01,3.54232730779247E+02,1.549E-12,710
1.05547814836468E-01,3.54732742909578E+02,1.557E-12,711
1.05535490757976E-01,3.55232751913912E+02,1.516E-12,712
1.05520329743705E-01,3.55732763330427E+02,1.488E-12,713
1.05507809701401E-01,3.56232777372640E+02,1.520E-12,714
1.05497784854660E-01,3.56732788657397E+02,1.521E-12,715
1.05484984738202E-01,3.57232797588022E+02,1.482E-12,716
1.05469971195718E-01,3.57732809320450E+02,1.454E-12,717
1.05457794258494E-01,3.58232823224496E+02,1.480E-12,718
1.05447838277643E-01,3.58732834346331E+02,1.485E-12,719
1.05435238436309E-01,3.59232843206053E+02,1.427E-12,720
1.05420341181470E-01,3.59732854584430E+02,1.417E-12,721
1.05407841762430E-01,3.60232868379324E+02,1.437E-12,722
1.05397946152021E-01,3.60732879995567E+02,1.447E-12,723
1.05386189613659E-01,3.61232888859701E+02,1.413E-12,724
1.05371578693406E-01,3.61732899261050E+02,1.387E-12,725
1.05358167855393E-01,3.62232912651691E+02,1.410E-12,726
1.05347887138627E-01,3.62732925288185E+02,1.422E-12,727
1.05337397107619E-01,3.63232934765241E+02,1.411E-12,728
1.05323845864262E-01,3.63732943913924E+02,1.350E-12,729
1.05309449548717E-01,3.64232955971624E+02,1.352E-12,730
1.05297731659230E-01,3.64732969436293E+02,1.353E-12,731
1.05287986310492E-01,3.65232980637846E+02,1.380E-12,732
1.05276573089535E-01,3.65732989433633E+02,1.334E-12,733
1.05262494030002E-01,3.66232999230050E+02,1.294E-12,734
1.05248702868401E-01,3.66733011825838E+02,1.294E-12,735
1.05237673126542E-01,3.67233024933914E+02,1.334E-12,736
1.05227969155235E-01,3.67733035606013E+02,1.344E-12,737
1.05216435040377E-01,3.68233044299262E+02,1.298E-12,738
1.05202510053796E-01,3.68733054062063E+02,1.265E-12,739
1.05188803051464E-01,3.69233066400765E+02,1.265E-12,740
1.05177571680342E-01,3.69733079451889E+02,1.284E-12,741
1.05167928323625E-01,3.70233090515094E+02,1.283E-12,742
1.05157122798012E-01,3.70733099395228E+02,1.260E-12,743
1.05143931479762E-01,3.71233108468364E+02,1.230E-12,744
1.05129972118895E-01,3.71733119757475E+02,1.226E-12,745
1.05117683806088E-01,3.72233132669465E+02,1.247E-12,746
1.05107579462807E-01,3.72733144828104E+02,1.247E-12,747
1.05097829195137E-01,3.73233154756003E+02,1.241E-12,748
1.05086347406322E-01,3.73733163357107E+02,1.213E-12,749
1.05072937426670E-01,3.74233172818441E+02,1.184E-12,750
1.05059345044056E-01,3.74733184344363E+02,1.183E-12,751
1.05047425086717E-01,3.75233197066964E+02,1.194E-12,752
1.05037387685562E-01,3.75733209021729E+02,1.228E-12,753
1.05027735870918E-01,3.76233219032088E+02,1.221E-12,754
1.05016735147518E-01,3.76733227690839E+02,1.188E-12,755
1.05003928985897E-01,3.77233236701351E+02,1.144E-12,756
1.04990413085689E-01,3.77733247358422E+02,1.146E-12,757
1.04977812816070E-01,3.78233259530412E+02,1.128E-12,758
1.04966954388477E-01,3.78733271886311E+02,1.160E-12,759
1.04957302563256E-01,3.79233283021239E+02,1.166E-12,760
1.04947481840086E-01,3.79733292505821E+02,1.170E-12,761
1.04936342742874E-01,3.80233301103119E+02,1.133E-12,762
1.04923738187408E-01,3.80733310124998E+02,1.104E-12,763
1.04910525392341E-01,3.81233320498368E+02,1.088E-12,764
1.04897910761121E-01,3.81733332200397E+02,1.089E-12,765
1.04886656804326E-01,3.82233344367254E+02,1.103E-12,766
1.04876663748158E-01,3.82733355904496E+02,1.114E-12,767
1.04867118121161E-01,3.83233366153262E+02,1.115E-12,768
1.04857029458048E-01,3.83733375216120E+02,1.097E-12,769
1.04845788967272E-01,3.84233383817411E+02,1.097E-12,770
1.04833445766819E-01,3.84733392854014E+02,1.054E-12,771
1.04820607230576E-01,3.85233402923486E+02,1.024E-12,772
1.04808079703862E-01,3.85733414068399E+02,1.020E-12,773
1.04796468234697E-01,3.86233425821731E+02,1.025E-12,774
1.04785928809895E-01,3.86733437477925E+02,1.052E-12,775
1.04776156416066E-01,3.87233448427062E+02,1.046E-12,776
1.04766569764830E-01,3.87733458395177E+02,1.064E-12,777
1.04756577797363E-01,3.88233467509102E+02,1.038E-12,778
1.04745805027764E-01,3.88733476194908E+02,1.050E-12,779
1.04734198386884E-01,3.89233484982648E+02,9.920E-13,780
1.04722000724118E-01,3.89733494308255E+02,9.950E-13,781
1.04709628529318E-01,3.90233504382440E+02,9.720E-13,782
1.04697514994852E-01,3.90733515156683E+02,9.816E-13,783
1.04685976653796E-01,3.91233526376008E+02,9.805E-13,784
1.04675139757102E-01,3.91733537684048E+02,9.861E-13,785
1.04664935177642E-01,3.92233548736517E+02,9.889E-13,786
1.04655147731933E-01,3.92733559289488E+02,1.008E-12,787
1.04645493680850E-01,3.93233569243425E+02,9.917E-13,788
1.04635699263568E-01,3.93733578642369E+02,9.753E-13,789
1.04625560268657E-01,3.94233587639153E+02,9.708E-13,790
1.04614972999174E-01,3.94733596443658E+02,9.736E-13,791
1.04603936805536E-01,3.95233605270081E+02,9.512E-13,792
1.04592534994631E-01,3.95733614295471E+02,9.419E-13,793
1.04580903670560E-01,3.96233623634655E+02,9.286E-13,794
1.04569198079907E-01,3.96733633332921E+02,9.147E-13,795
1.04557563527985E-01,3.97233643372526E+02,9.060E-13,796
1.04546115057052E-01,3.97733653688498E+02,8.955E-13,797
1.04534926976292E-01,3.98233664188075E+02,8.983E-13,798
1.04524031405111E-01,3.98733674769633E+02,9.146E-13,799
1.04513423400826E-01,3.99233685338064E+02,9.048E-13,800
1.04503069980333E-01,3.99733695815174E+02,8.870E-13,801
1.04492920609679E-01,4.00233706145139E+02,8.821E-13,802
1.04482917076641E-01,4.00733716295454E+02,9.208E-13,803
1.04473001678565E-01,4.01233726254884E+02,9.012E-13,804
1.04463123008573E-01,4.01733736029345E+02,8.980E-13,805
1.04453239445917E-01,4.02233745636971E+02,8.962E-13,806
1.04443320577409E-01,4.02733755103473E+02,8.916E-13,807
1.04433347024104E-01,4.03233764457763E+02,8.776E-13,808
1.04423309233772E-01,4.03733773728812E+02,8.942E-13,809
1.04413205694925E-01,4.04233782943286E+02,8.857E-13,810
1.04403040905411E-01,4.04733792124079E+02,8.614E-13,811
1.04392823459880E-01,4.05233801289809E+02,8.546E-13,812
1.04382564351691E-01,4.05733810454736E+02,8.561E-13,813
1.04372275621528E-01,4.06233819629058E+02,8.511E-13,814
1.04361969269828E-01,4.06733828819529E+02,8.432E-13,815
1.04351656552343E-01,4.07233838030123E+02,8.412E-13,816
1.04341347529494E-01,4.07733847262803E+02,8.286E-13,817
1.04331050794525E-01,4.08233856518186E+02,8.232E-13,818
1.04320773341957E-01,4.08733865796018E+02,8.249E-13,819
1.04310520572332E-01,4.09233875095772E+02,8.292E-13,820
1.04300296292756E-01,4.09733884416938E+02,8.277E-13,821
1.04290102765749E-01,4.10233893759331E+02,8.117E-13,822
1.04279940682824E-01,4.10733903123226E+02,7.952E-13,823
1.04269809240711E-01,4.11233912509394E+02,7.743E-13,824
1.04259705990657E-01,4.11733921919112E+02,8.004E-13,825
1.04249626851466E-01,4.12233931353923E+02,7.935E-13,826
1.04239565986282E-01,4.12733940815368E+02,7.730E-13,827
1.04229515710904E-01,4.13233950304653E+02,7.927E-13,828
1.04219466554549E-01,4.13733959822045E+02,7.760E-13,829
1.04209407241781E-01,4.14233969366272E+02,7.717E-13,830
1.04199324997496E-01,4.14733978933753E+02,8.076E-13,831
1.04189206055189E-01,4.15233988517850E+02,7.598E-13,832
1.04179036327116E-01,4.15733998107953E+02,7.787E-13,833
1.04168802645780E-01,4.16234007688873E+02,7.779E-13,834
1.04158494193639E-01,4.16734017240266E+02,7.460E-13,835
1.04148104417043E-01,4.17234026736733E+02,7.647E-13,836
1.04137633257481E-01,4.17734036148295E+02,7.524E-13,837
1.04127089384837E-01,4.18234045441709E+02,7.617E-13,838
1.04116492444773E-01,4.18734054583073E+02,7.514E-13,839
1.04105874576759E-01,4.19234063541152E+02,7.345E-13,840
1.04095281002464E-01,4.19734072292133E+02,7.484E-13,841
1.04084768940115E-01,4.20234080824831E+02,7.433E-13,842
1.04074404245384E-01,4.20734089146414E+02,7.191E-13,843
1.04064255574843E-01,4.21234097287466E+02,7.356E-13,844
1.04054385872862E-01,4.21734105305135E+02,6.976E-13,845
1.04044841527116E-01,4.22234113283234E+02,6.793E-13,846
1.04035640519499E-01,4.22734121327976E+02,7.025E-13,847
1.04026761325755E-01,4.23234129558055E+02,6.900E-13,848
1.04018135000965E-01,4.23734138089192E+02,6.875E-13,849
1.04009643642376E-01,4.24234147013937E+02,6.774E-13,850
1.04001127734470E-01,4.24734156379376E+02,6.768E-13,851
1.03992404289383E-01,4.25234166166635E+02,6.751E-13,852
1.03983295548166E-01,4.25734176277880E+02,6.859E-13,853
1.03973665384880E-01,4.26234186536150E+02,7.100E-13,854
1.03963457357467E-01,4.26734196703116E+02,6.909E-13,855
1.03952725291242E-01,4.27234206516011E+02,7.023E-13,856
1.03941646226436E-01,4.27734215741395E+02,6.899E-13,857
1.03930505779512E-01,4.28234224236379E+02,6.859E-13,858
1.03919651311220E-01,4.28734232003367E+02,6.730E-13,859
1.03909415572639E-01,4.29234239219462E+02,6.590E-13,860
1.03900024694638E-01,4.29734246224535E+02,6.396E-13,861
1.03891514143820E-01,4.30234253458265E+02,6.502E-13,862
1.03883682231230E-01,4.30734261351229E+02,6.392E-13,863
1.03876107407677E-01,4.31234270193340E+02,6.330E-13,864
1.03868241244370E-01,4.31734280017591E+02,6.353E-13,865
1.03859565147045E-01,4.32234290544738E+02,6.699E-13,866
1.03849770833624E-01,4.32734301224717E+02,6.500E-13,867
1.03838903531506E-01,4.33234311384880E+02,6.603E-13,868
1.03827403274660E-01,4.33734320455095E+02,6.610E-13,869
1.03816001536211E-01,4.34234328200507E+02,6.383E-13,870
1.03805479236752E-01,4.34734334866497E+02,6.253E-13,871
1.03796355569552E-01,4.35234341152178E+02,5.974E-13,872
1.03788629419295E-01,4.35734347982600E+02,6.011E-13,873
1.03781704651718E-01,4.36234356136676E+02,6.126E-13,874
1.03774575953353E-01,4.36734365875129E+02,6.081E-13,875
1.03766241248472E-01,4.37234376748235E+02,6.212E-13,876
1.03756183646665E-01,4.37734387716947E+02,6.249E-13,877
1.03744691724169E-01,4.38234397590160E+02,6.190E-13,878
1.03732817074724E-01,4.38734405614832E+02,6.074E-13,879
1.03721916598624E-01,4.39234411930797E+02,6.063E-13,880
1.03712950151930E-01,4.39734417607664E+02,5.725E-13,881
1.03705890891402E-01,4.40234424157166E+02,5.819E-13,882
1.03699623051874E-01,4.40734432709840E+02,5.838E-13,883
1.03692480263945E-01,4.41234443297804E+02,5.935E-13,884
1.03683201922770E-01,4.41734454711033E+02,6.006E-13,885
1.03671769720303E-01,4.42234465118311E+02,6.021E-13,886
1.03659557434370E-01,4.42734473179940E+02,5.795E-13,887
1.03648572720454E-01,4.43234478991490E+02,5.775E-13,888
1.03640154933706E-01,4.43734484175045E+02,5.502E-13,889
1.03633964340946E-01,4.44234490903047E+02,5.454E-13,890
1.03628054559214E-01,4.44734500391833E+02,5.506E-13,891
1.03620146177551E-01,4.45234511911527E+02,5.652E-13,892
1.03609311177629E-01,4.45734523146378E+02,5.728E-13,893
1.03596819780444E-01,4.46234531827092E+02,5.668E-13,894
1.03585349524127E-01,4.46734537530633E+02,5.548E-13,895
1.03576948118989E-01,4.47234542201697E+02,5.395E-13,896
1.03571271060148E-01,4.47734548758729E+02,5.444E-13,897
1.03565657509277E-01,4.48234558700373E+02,5.513E-13,898
1.03557236853683E-01,4.48734570680302E+02,5.650E-13,899
1.03545453407761E-01,4.49234581454429E+02,5.580E-13,900
1.03532769831930E-01,4.49734588653269E+02,5.509E-13,901
1.03522648671868E-01,4.50234593053296E+02,5.251E-13,902
1.03516355687001E-01,4.50734598111838E+02,5.224E-13,903
1.03511551069945E-01,4.51234606842256E+02,5.221E-13,904
1.03504310861477E-01,4.51734618804046E+02,5.409E-13,905
1.03492947511765E-01,4.52234630276557E+02,5.510E-13,906
1.03479913645316E-01,4.52734637815246E+02,5.554E-13,907
1.03469562968856E-01,4.53234641877822E+02,5.156E-13,908
1.03463645618925E-01,4.53734646641894E+02,5.011E-13,909
1.03459202383334E-01,4.54234655733397E+02,5.126E-13,910
1.03451504698845E-01,4.54734668164675E+02,5.303E-13,911
1.03439261396350E-01,4.55234679120925E+02,5.291E-13,912
1.03426346955225E-01,4.55734685214116E+02,5.159E-13,913
1.03417640034954E-01,4.56234688553546E+02,4.979E-13,914
1.03413270799033E-01,4.56734694621889E+02,5.037E-13,915
1.03408136385026E-01,4.57234705846985E+02,5.164E-13,916
1.03397850855961E-01,4.57734718405639E+02,5.311E-13,917
1.03384287708333E-01,4.58234726605671E+02,5.168E-13,918
1.03373607818738E-01,4.58734730020162E+02,4.732E-13,919
1.03368543365759E-01,4.59234734394674E+02,4.794E-13,920
1.03364565879363E-01,4.59734744455561E+02,4.966E-13,921
1.03355510357450E-01,4.60234757510299E+02,5.014E-13,922
1.03341860443323E-01,4.60734766660906E+02,4.989E-13,923
1.03330489406421E-01,4.61234770076970E+02,4.794E-13,924
1.03325395038380E-01,4.61734773885111E+02,4.700E-13,925
1.03321813538069E-01,4.62234783897243E+02,4.820E-13,926
1.03312616577638E-01,4.62734797173339E+02,5.026E-13,927
1.03298642078139E-01,4.63234805844815E+02,4.850E-13,928
1.03287903176568E-01,4.63734808556352E+02,4.744E-13,929
1.03283869996000E-01,4.64234812897412E+02,4.721E-13,930
1.03279880045492E-01,4.64734824239293E+02,4.765E-13,931
1.03268969063677E-01,4.65234837254984E+02,4.994E-13,932
1.03254834655321E-01,4.65734843753460E+02,4.834E-13,933
1.03246498320910E-01,4.66234845627420E+02,4.496E-13,934
1.03243943026407E-01,4.66734852326431E+02,4.615E-13,935
1.03237673071742E-01,4.67234865697330E+02,4.808E-13,936
1.03224054069828E-01,4.67734876532811E+02,4.684E-13,937
1.03211733154681E-01,4.68234879542608E+02,4.451E-13,938
1.03207479446134E-01,4.68734882601352E+02,4.181E-13,939
1.03204354864411E-01,4.69234893756269E+02,4.644E-13,940
1.03193231527612E-01,4.69734907123276E+02,4.723E-13,941
1.03178877372758E-01,4.70234912673449E+02,4.466E-13,942
1.03172055145893E-01,4.70734914052121E+02,4.240E-13,943
1.03170212950098E-01,4.71234922596118E+02,4.432E-13,944
1.03161578562958E-01,4.71734936802886E+02,4.597E-13,945
1.03146665302334E-01,4.72234944563685E+02,4.377E-13,946
1.03137855158592E-01,4.72734945492718E+02,4.263E-13,947
1.03136318591355E-01,4.73234952195114E+02,4.323E-13,948
1.03129268371465E-01,4.73734966512666E+02,4.531E-13,949
1.03114296870858E-01,4.74234975487268E+02,4.367E-13,950
1.03104556062266E-01,4.74734976265862E+02,4.136E-13,951
1.03103199464621E-01,4.75234982223265E+02,4.310E-13,952
1.03096610672065E-01,4.75734996668691E+02,4.285E-13,953
1.03081456765403E-01,4.76235005713323E+02,4.427E-13,954
1.03071951903347E-01,4.76735006148687E+02,4.084E-13,955
1.03070999708411E-01,4.77235012554707E+02,4.205E-13,956
1.03063647191920E-01,4.77735027347484E+02,4.235E-13,957
1.03048137414231E-01,4.78235035199634E+02,4.248E-13,958
1.03040172636453E-01,4.78735035209231E+02,3.927E-13,959
1.03039572929908E-01,4.79235043406934E+02,4.239E-13,960
1.03030085128666E-01,4.79735058317926E+02,4.373E-13,961
1.03014673465467E-01,4.80235063596192E+02,4.004E-13,962
1.03009607770437E-01,4.80735063906698E+02,3.949E-13,963
1.03008323155675E-01,4.81235075185343E+02,4.271E-13,964
1.02995541883245E-01,4.81735088835613E+02,4.145E-13,965
1.02981973608311E-01,4.82235090593511E+02,3.910E-13,966
1.02980441932240E-01,4.82735093319072E+02,3.859E-13,967
1.02976018126994E-01,4.83235107893760E+02,4.029E-13,968
1.02960265295969E-01,4.83735117542713E+02,4.126E-13,969
1.02951475317991E-01,4.84235116767561E+02,3.835E-13,970
1.02951712360804E-01,4.84735124889530E+02,3.769E-13,971
1.02941311718252E-01,4.85235140138851E+02,3.968E-13,972
1.02926115024153E-01,4.85735143323494E+02,3.863E-13,973
1.02923905961429E-01,4.86235144438328E+02,4.002E-13,974
1.02920707431042E-01,4.86735158792743E+02,3.902E-13,975
1.02904754394361E-01,4.87235168934780E+02,3.990E-13,976
1.02896166932269E-01,4.87735167622375E+02,3.562E-13,977
1.02896821654240E-01,4.88235176503178E+02,3.699E-13,978
1.02885032213810E-01,4.88735191562746E+02,3.950E-13,979
1.02870778226643E-01,4.89235192761755E+02,3.567E-13,980
1.02870668172605E-01,4.89735195631982E+02,3.754E-13,981
1.02864650695946E-01,4.90235211600275E+02,3.871E-13,982
1.02847902764290E-01,4.90735217759243E+02,3.800E-13,983
1.02844035687185E-01,4.91235216791962E+02,3.464E-13,984
1.02842667535949E-01,4.91735230465070E+02,3.785E-13,985
1.02826534759893E-01,4.92235241464146E+02,3.726E-13,986
1.02818156609025E-01,4.92735239395726E+02,3.411E-13,987
1.02819287749030E-01,4.93235249362649E+02,3.529E-13,988
1.02805585399630E-01,4.93735263750830E+02,3.706E-13,989
1.02793418592530E-01,4.94235262545857E+02,3.442E-13,990
1.02795176650283E-01,4.94735268860355E+02,3.453E-13,991
1.02784389333230E-01,4.95235285036913E+02,3.574E-13,992
1.02769651552306E-01,4.95735285561008E+02,3.446E-13,993
1.02770960547091E-01,4.96235289009873E+02,3.520E-13,994
1.02762717043397E-01,4.96735305839350E+02,3.835E-13,995
1.02746491263736E-01,4.97235308090518E+02,3.515E-13,996
1.02747046028532E-01,4.97735309620900E+02,3.397E-13,997
1.02740591725759E-01,4.98235326556921E+02,3.598E-13,998
1.02723606689639E-01,4.98735330019280E+02,3.563E-13,999
1.02723638350268E-01,4.99235330473717E+02,3.491E-13,1000
1.02718109054169E-01,4.99735347426194E+02,3.536E-13,1001
